activation,optimizer,epochs,batch_size,learn_rate,out_dim1,out_dim2,out_dim3,out_dim4,CV_ACC,CV_STD
sigmoid,adamax,800,128,0.0004,16,32,32,16,73.55318069458008,1.30503536819741
sigmoid,adamax,800,128,0.0005,16,32,32,16,72.9727303981781,2.650415884626125
sigmoid,adamax,800,128,0.0006,16,32,32,16,72.1721351146698,1.0409691219061863
sigmoid,adamax,800,128,0.0007,16,32,32,16,72.43919968605042,1.826796240873015
sigmoid,adamax,800,128,0.0008,16,32,32,16,75.11051774024963,1.137595115796959
sigmoid,adamax,800,128,0.0009,16,32,32,16,73.28740239143372,2.0373500999931067
sigmoid,adamax,800,128,0.001,16,32,32,16,73.2426643371582,3.163293015932732
