activation,optimizer,epochs,batch_size,out_dim,CV_ACC,CV_STD
sigmoid,adam,10,32,16,67.4970543384552,1.13738686357373
sigmoid,adam,10,32,32,66.98475539684296,2.22083025081567
